{
    "confidence_score": 0.8060528635978699,
    "ptm": 0.81809401512146,
    "iptm": 0.7613045573234558,
    "ligand_iptm": 0.0,
    "protein_iptm": 0.7613045573234558,
    "complex_plddt": 0.8172399401664734,
    "complex_iplddt": 0.8009147644042969,
    "complex_pde": 0.711672842502594,
    "complex_ipde": 2.232599973678589,
    "chains_ptm": {
        "0": 0.7662005424499512,
        "1": 0.9024366736412048,
        "2": 0.8783240914344788
    },
    "pair_chains_iptm": {
        "0": {
            "0": 0.7662005424499512,
            "1": 0.6115769743919373,
            "2": 0.6050359010696411
        },
        "1": {
            "0": 0.5648561120033264,
            "1": 0.9024366736412048,
            "2": 0.8439932465553284
        },
        "2": {
            "0": 0.510982096195221,
            "1": 0.8475951552391052,
            "2": 0.8783240914344788
        }
    }
}