{
    "confidence_score": 0.8617299795150757,
    "ptm": 0.8442296981811523,
    "iptm": 0.806402325630188,
    "ligand_iptm": 0.0,
    "protein_iptm": 0.806402325630188,
    "complex_plddt": 0.8755619525909424,
    "complex_iplddt": 0.905577540397644,
    "complex_pde": 0.559362530708313,
    "complex_ipde": 0.7205691337585449,
    "chains_ptm": {
        "0": 0.7940958738327026,
        "1": 0.9454447627067566,
        "2": 0.9445093870162964
    },
    "pair_chains_iptm": {
        "0": {
            "0": 0.7940958738327026,
            "1": 0.7213766574859619,
            "2": 0.6947813034057617
        },
        "1": {
            "0": 0.795066773891449,
            "1": 0.9454447627067566,
            "2": 0.8770604133605957
        },
        "2": {
            "0": 0.799605667591095,
            "1": 0.9101502895355225,
            "2": 0.9445093870162964
        }
    }
}