{
    "confidence_score": 0.7952454686164856,
    "ptm": 0.7359808087348938,
    "iptm": 0.6524471044540405,
    "ligand_iptm": 0.0,
    "protein_iptm": 0.6524471044540405,
    "complex_plddt": 0.8309450149536133,
    "complex_iplddt": 0.831777036190033,
    "complex_pde": 0.9614858627319336,
    "complex_ipde": 3.245697259902954,
    "chains_ptm": {
        "0": 0.6477105021476746,
        "1": 0.8660180568695068,
        "2": 0.8510862588882446
    },
    "pair_chains_iptm": {
        "0": {
            "0": 0.6477105021476746,
            "1": 0.37224307656288147,
            "2": 0.36642423272132874
        },
        "1": {
            "0": 0.26820507645606995,
            "1": 0.8660180568695068,
            "2": 0.8015015721321106
        },
        "2": {
            "0": 0.25636008381843567,
            "1": 0.7976382374763489,
            "2": 0.8510862588882446
        }
    }
}